,ID,locale,period,sales,treated
1438,3077,0,0,2.98923613,0
1453,3078,0,0,2.462221357,0
1468,3079,0,0,3.461062666,0
1479,3080,0,0,3.299730427,0
1492,3081,0,0,2.368144053,0
1506,3082,0,0,3.324017594,0
1518,3083,0,0,3.4620718,0
1531,3084,0,0,1.641714248,0
1544,3089,0,0,2.30211279,0
1557,3090,0,0,3.12902529,0
1570,3091,0,0,1.23610472,0
1583,3092,0,0,2.41671128,0
1596,3093,0,0,4.01433009,0
1609,3152,0,0,0.83004025,0
1622,3155,0,0,1.0961076,0
1439,3077,0,1,3.15255857,0
1454,3078,0,1,2.654120537,0
1456,3079,0,1,3.677317723,0
1480,3080,0,1,3.48005529,0
1493,3081,0,1,2.33932138,0
1507,3082,0,1,3.453210387,0
1519,3083,0,1,3.6562487098,0
1532,3084,0,1,1.6490089,0
1545,3089,0,1,2.28667458,0
1558,3090,0,1,3.020317123,0
1571,3091,0,1,1.23275013,0
1584,3092,0,1,2.28535954,0
1597,3093,0,1,4.02443216,0
1610,3152,0,1,0.97528415,0
1623,3155,0,1,1.2432141,0
1440,3077,0,2,2.99400258,0
1455,3078,0,2,2.48180931,0
1457,3079,0,2,3.501236446,0
1481,3080,0,2,3.18157626,0
1494,3081,0,2,2.14251967,0
1495,3082,0,2,3.11114727,0
1520,3083,0,2,3.29185194,0
1533,3084,0,2,1.595098994,0
1546,3089,0,2,2.53224848,0
1559,3090,0,2,3.13199627,0
1572,3091,0,2,1.24825272,0
1585,3092,0,2,2.38613547,0
1598,3093,0,2,4.02120971,0
1611,3152,0,2,0.79628415,0
1624,3155,0,2,1.127394288,0
1434,3077,0,3,3.00740247,0
1447,3078,0,3,2.471519181,0
1462,3079,0,3,3.454259216,0
1473,3080,0,3,3.219074206,0
1486,3081,0,3,2.13133895,0
1500,3082,0,3,3.053044266,0
1512,3083,0,3,3.27738701,0
1525,3084,0,3,1.673762372,0
1538,3089,0,3,2.58187061,0
1551,3090,0,3,3.14346609,0
1564,3091,0,3,1.20114368,0
1577,3092,0,3,2.34772764,0
1589,3093,0,3,3.70011019,0
1603,3152,0,3,0.75445819999,0
1614,3155,0,3,1.024759926,0
1435,3077,0,4,3.19874074,0
1448,3078,0,4,2.59044503,0
1463,3079,0,4,3.502168593,0
1474,3080,0,4,3.299403931,0
1487,3081,0,4,2.139878742,0
1501,3082,0,4,3.196784943,0
1513,3083,0,4,3.3634413484,0
1526,3084,0,4,1.62106676,0
1539,3089,0,4,2.34017185,0
1552,3090,0,4,3.18028741,0
1565,3091,0,4,1.1904877,0
1578,3092,0,4,2.24761593,0
1590,3093,0,4,3.571893666,0
1604,3152,0,4,0.800783784,0
1615,3155,0,4,1.015650462,0
1436,3077,0,5,3.35591771,0
1449,3078,0,5,2.76739116,0
1464,3079,0,5,3.67264515,0
1475,3080,0,5,3.57627398,0
1488,3081,0,5,2.289447712,0
1502,3082,0,5,3.535793504,0
1514,3083,0,5,3.64864096,0
1527,3084,0,5,1.681667426,0
1540,3089,0,5,2.769640196,0
1553,3090,0,5,3.371214,0
1566,3091,0,5,1.38593356,0
1579,3092,0,5,2.66511057,0
1592,3093,0,5,3.93612112,0
1605,3152,0,5,0.952951278,0
1616,3155,0,5,1.324391762,0
1437,3077,0,6,3.41029223,0
1450,3078,0,6,2.923521603,0
1465,3079,0,6,3.94842625,0
1476,3080,0,6,3.78222407,0
1489,3081,0,6,2.41264442,0
1503,3082,0,6,3.651433197,0
1515,3083,0,6,3.73640698,0
1528,3084,0,6,1.74435308,0
1541,3089,0,6,2.59306272,0
1554,3090,0,6,3.43148732,0
1567,3091,0,6,1.31911934,0
1580,3092,0,6,2.70089448,0
1593,3093,0,6,3.95869191,0
1606,3152,0,6,1.1737026,0
1619,3155,0,6,1.33695912,0
1441,3077,0,7,3.38219466,0
1451,3078,0,7,2.72384783,0
1466,3079,0,7,3.97718828,0
1477,3080,0,7,3.756256503,0
1490,3081,0,7,2.382363143,0
1504,3082,0,7,3.467017336,0
1516,3083,0,7,3.52602236,0
1529,3084,0,7,1.85468807,0
1542,3089,0,7,2.5570094,0
1555,3090,0,7,3.27234023,0
1568,3091,0,7,1.3423488,0
1581,3092,0,7,2.79562085,0
1594,3093,0,7,4.05084061,0
1607,3152,0,7,0.935806538,0
1620,3155,0,7,1.211771628,0
1442,3077,0,8,3.76555747,0
1452,3078,0,8,2.776288814,0
1467,3079,0,8,4.05635883,0
1478,3080,0,8,3.880924174,0
1491,3081,0,8,2.389440213,0
1505,3082,0,8,3.742661861,0
1517,3083,0,8,3.8583022398,0
1530,3084,0,8,1.9176296,0
1543,3089,0,8,2.48296548,0
1556,3090,0,8,3.24299789,0
1569,3091,0,8,1.25222261,0
1582,3092,0,8,2.55747442,0
1595,3093,0,8,3.82949951,0
1608,3152,0,8,1.06270913,0
1621,3155,0,8,1.31664014,0
1430,3077,0,9,3.32944288,0
1443,3078,0,9,2.42867406,0
1458,3079,0,9,3.4281113,0
1469,3080,0,9,3.36053522,0
1482,3081,0,9,2.0833847,0
1496,3082,0,9,3.068144889,0
1508,3083,0,9,3.35454989,0
1521,3084,0,9,1.696903812,0
1534,3089,0,9,2.34272407,0
1547,3090,0,9,3.09686059,0
1560,3091,0,9,1.1335051,0
1573,3092,0,9,2.28984738,0
1591,3093,0,9,3.47974838,0
1599,3152,0,9,0.819069,0
1617,3155,0,9,1.0604239,0
1431,3077,0,10,3.11157914,0
1444,3078,0,10,2.27559554,0
1459,3079,0,10,3.32338852,0
1470,3080,0,10,3.19023181,0
1483,3081,0,10,1.99974429,0
1497,3082,0,10,2.908953903,0
1509,3083,0,10,3.22245393,0
1522,3084,0,10,1.506747234,0
1535,3089,0,10,2.1808284,0
1548,3090,0,10,2.98405311,0
1561,3091,0,10,1.15319929,0
1574,3092,0,10,2.20014492,0
1586,3093,0,10,3.39763628,0
1600,3152,0,10,0.80030216,0
1618,3155,0,10,1.079479438,0
1432,3077,0,11,3.25105931,0
1445,3078,0,11,2.618495893,0
1460,3079,0,11,3.571926206,0
1471,3080,0,11,3.59291957,0
1484,3081,0,11,2.462062543,0
1498,3082,0,11,3.29695108,0
1510,3083,0,11,3.30348915,0
1523,3084,0,11,1.661804106,0
1536,3089,0,11,2.17292214,0
1549,3090,0,11,3.11600117,0
1562,3091,0,11,1.17002422,0
1575,3092,0,11,2.33721368,0
1587,3093,0,11,3.63676907,0
1601,3152,0,11,1.00776015,0
1612,3155,0,11,1.17609005,0
1433,3077,0,12,3.22714339,0
1446,3078,0,12,2.642001213,0
1461,3079,0,12,3.62416798,0
1472,3080,0,12,3.500318767,0
1485,3081,0,12,2.37585193,0
1499,3082,0,12,3.27093693,0
1511,3083,0,12,3.4167751396,0
1524,3084,0,12,1.56095313,0
1537,3089,0,12,2.364978972,0
1550,3090,0,12,3.38310695,0
1563,3091,0,12,1.27677829,0
1576,3092,0,12,2.54392746,0
1588,3093,0,12,3.77329662,0
1602,3152,0,12,1.06581383,0
1613,3155,0,12,1.37867683,0
1438,3077,0,13,3.18715918,0
1453,3078,0,13,2.588521317,0
1468,3079,0,13,3.439394833,0
1479,3080,0,13,3.592890797,0
1492,3081,0,13,2.150327216,0
1506,3082,0,13,3.250670057,0
1518,3083,0,13,3.4083842098,0
1531,3084,0,13,1.51908969,0
1544,3089,0,13,2.24441861,0
1557,3090,0,13,3.07269671,0
1570,3091,0,13,1.21780094,0
1583,3092,0,13,2.3083903,0
1596,3093,0,13,3.60946406,0
1609,3152,0,13,0.733983198,0
1622,3155,0,13,0.98031536,0
1439,3077,0,14,3.33260652,0
1454,3078,0,14,2.5434921,0
1456,3079,0,14,3.571556372,0
1480,3080,0,14,3.637909073,0
1493,3081,0,14,2.067161491,0
1507,3082,0,14,3.387561183,0
1519,3083,0,14,3.470948282,0
1532,3084,0,14,1.58845758,0
1545,3089,0,14,2.42209626,0
1558,3090,0,14,3.180095252,0
1571,3091,0,14,1.300369238,0
1584,3092,0,14,2.50461321,0
1597,3093,0,14,3.841926138,0
1610,3152,0,14,0.88190012,0
1623,3155,0,14,1.13197701,0
1440,3077,0,15,3.28113292,0
1455,3078,0,15,2.516393175,0
1457,3079,0,15,3.61249491,0
1481,3080,0,15,3.400190336,0
1494,3081,0,15,2.19500811,0
1495,3082,0,15,3.25548208,0
1520,3083,0,15,3.43503845,0
1533,3084,0,15,1.618081578,0
1546,3089,0,15,2.45958964,0
1559,3090,0,15,3.086831488,0
1572,3091,0,15,1.2798482,0
1585,3092,0,15,2.45389817,0
1598,3093,0,15,3.8960907,0
1611,3152,0,15,0.8681399,0
1624,3155,0,15,1.08787389,0
1434,3077,0,16,3.1726006,0
1447,3078,0,16,2.52908673,0
1462,3079,0,16,3.4765886,0
1473,3080,0,16,3.377575404,0
1486,3081,0,16,2.17913866,0
1500,3082,0,16,3.127587484,0
1512,3083,0,16,3.43389045,0
1525,3084,0,16,1.57032287,0
1538,3089,0,16,2.703806776,0
1551,3090,0,16,3.551346538,0
1564,3091,0,16,1.2435849,0
1577,3092,0,16,2.52194291,0
1589,3093,0,16,4.10724149,0
1603,3152,0,16,0.73866948,0
1614,3155,0,16,1.06480343,0
1435,3077,0,17,3.104141878,0
1448,3078,0,17,2.444573962,0
1463,3079,0,17,3.39858308,0
1474,3080,0,17,3.366924578,0
1487,3081,0,17,2.002446018,0
1501,3082,0,17,3.220580308,0
1513,3083,0,17,3.3578323192,0
1526,3084,0,17,1.59250497,0
1539,3089,0,17,2.37524633,0
1552,3090,0,17,3.284853842,0
1565,3091,0,17,1.20152438,0
1578,3092,0,17,2.31610286,0
1590,3093,0,17,3.695701638,0
1604,3152,0,17,0.854361064,0
1615,3155,0,17,1.04270311,0
1436,3077,0,18,3.20741802,0
1449,3078,0,18,2.591193576,0
1464,3079,0,18,3.609270513,0
1475,3080,0,18,3.373579178,0
1488,3081,0,18,2.20076115,0
1502,3082,0,18,3.215720792,0
1514,3083,0,18,3.5471571798,0
1527,3084,0,18,1.751057762,0
1540,3089,0,18,2.53991339,0
1553,3090,0,18,3.47622847,0
1566,3091,0,18,1.27085712,0
1579,3092,0,18,2.41929439,0
1592,3093,0,18,3.79862694,0
1605,3152,0,18,0.9555544,0
1616,3155,0,18,1.306586562,0
1437,3077,0,19,3.31586068,0
1450,3078,0,19,3.05068833,0
1465,3079,0,19,3.89537936,0
1476,3080,0,19,3.930864421,0
1489,3081,0,19,2.48965414,0
1503,3082,0,19,3.805588408,0
1515,3083,0,19,3.76393932,0
1528,3084,0,19,1.799934878,0
1541,3089,0,19,2.47722615,0
1554,3090,0,19,3.32229232,0
1567,3091,0,19,1.30052097,0
1580,3092,0,19,2.57582288,0
1593,3093,0,19,3.95533114,0
1606,3152,0,19,1.25599448,0
1619,3155,0,19,1.30529962,0
1441,3077,0,20,3.12131449,0
1451,3078,0,20,2.703687533,0
1466,3079,0,20,3.528423101,0
1477,3080,0,20,3.63512619,0
1490,3081,0,20,2.302154,0
1504,3082,0,20,3.3579442,0
1516,3083,0,20,3.5854093,0
1529,3084,0,20,1.777931242,0
1542,3089,0,20,2.461275532,0
1555,3090,0,20,3.313504792,0
1568,3091,0,20,1.21059856,0
1581,3092,0,20,2.45077379,0
1594,3093,0,20,3.79876182,0
1607,3152,0,20,0.74532648,0
1620,3155,0,20,1.020657,0
1442,3077,0,21,3.228674212,0
1452,3078,0,21,2.81929953,0
1467,3079,0,21,3.648358957,0
1478,3080,0,21,3.580499621,0
1491,3081,0,21,2.28353633,0
1505,3082,0,21,3.48179884,0
1517,3083,0,21,3.51789849,0
1530,3084,0,21,1.669239298,0
1543,3089,0,21,2.3295852,0
1556,3090,0,21,3.09413387,0
1569,3091,0,21,1.19953726,0
1582,3092,0,21,2.34750831,0
1595,3093,0,21,3.65115914,0
1608,3152,0,21,1.0358709,0
1621,3155,0,21,1.2708717,0
1430,3077,0,22,3.14436807,0
1443,3078,0,22,2.530450349,0
1458,3079,0,22,3.410940143,0
1469,3080,0,22,3.307883045,0
1482,3081,0,22,2.153809185,0
1496,3082,0,22,3.110013042,0
1508,3083,0,22,3.32411387,0
1521,3084,0,22,1.662891302,0
1534,3089,0,22,2.37706589,0
1547,3090,0,22,2.98121673,0
1560,3091,0,22,1.17849188,0
1573,3092,0,22,2.32103949,0
1591,3093,0,22,3.61578723,0
1599,3152,0,22,0.721431238,0
1617,3155,0,22,0.9768762,0
1431,3077,0,23,3.11787826,0
1444,3078,0,23,2.524554999,0
1459,3079,0,23,3.320040929,0
1470,3080,0,23,3.18207295,0
1483,3081,0,23,2.081636622,0
1497,3082,0,23,3.079142034,0
1509,3083,0,23,3.29889842,0
1522,3084,0,23,1.54181527,0
1535,3089,0,23,2.25287798,0
1548,3090,0,23,3.310497132,0
1561,3091,0,23,1.15247102,0
1574,3092,0,23,2.20172829,0
1586,3093,0,23,3.55435914,0
1600,3152,0,23,0.7393716,0
1618,3155,0,23,1.09417598,0
1432,3077,0,24,3.1679030478,0
1445,3078,0,24,2.56156968,0
1460,3079,0,24,3.54567396,0
1471,3080,0,24,3.401585346,0
1484,3081,0,24,2.33506527,0
1498,3082,0,24,3.430642012,0
1510,3083,0,24,3.31058126,0
1523,3084,0,24,1.58446246,0
1536,3089,0,24,2.25009506,0
1549,3090,0,24,3.19391477,0
1562,3091,0,24,1.2033467,0
1575,3092,0,24,2.34483371,0
1587,3093,0,24,3.82416034,0
1601,3152,0,24,0.8874095,0
1612,3155,0,24,1.1829419,0
1433,3077,0,25,3.199577552,0
1446,3078,0,25,2.493592809,0
1461,3079,0,25,3.526420182,0
1472,3080,0,25,3.308433026,0
1485,3081,0,25,2.213044197,0
1499,3082,0,25,3.597336689,0
1511,3083,0,25,3.300326481,0
1524,3084,0,25,1.586380978,0
1537,3089,0,25,2.35106061,0
1550,3090,0,25,3.465307916,0
1563,3091,0,25,1.286643,0
1576,3092,0,25,2.47441181,0
1588,3093,0,25,3.94223524,0
1602,3152,0,25,0.8464627,0
1613,3155,0,25,1.2240275,0
10,2,1,0,2.117052228,0
22,6,1,0,2.232108418,0
28,7,1,0,1.69681038,0
101,31,1,0,2.38429514,0
210,77,1,0,4.430665202,0
227,78,1,0,4.534501178,0
244,79,1,0,7.69347654,0
257,82,1,0,7.908669662,0
272,83,1,0,4.94234393,0
276,85,1,0,8.161592108,0
289,88,1,0,6.89839987,0
301,90,1,0,8.475312348,0
321,92,1,0,12.127691778,0
400,127,1,0,2.06485909,0
426,132,1,0,1.592374818,0
439,137,1,0,0.804357318,0
452,140,1,0,5.808423922,0
478,143,1,0,7.362723768,0
491,144,1,0,8.179256684,0
790,224,1,0,4.10239586,0
904,250,1,0,9.540838698,0
919,253,1,0,4.04189039,0
925,254,1,0,4.7837675,0
946,255,1,0,4.96047327,0
959,256,1,0,2.16114281,0
972,783,1,0,1.4910052,0
986,786,1,0,0.9417509,0
998,797,1,0,0.35046848,0
1024,801,1,0,0.2302648,0
1068,818,1,0,1.19727412,0
1102,820,1,0,1.6419342,0
1137,823,1,0,1.17450955,0
1169,826,1,0,0.89040275,0
1180,895,1,0,5.5691764803,0
1224,903,1,0,4.4316649088,0
1245,914,1,0,6.82569057,0
1318,927,1,0,5.40809974,0
1327,931,1,0,2.7404248,0
1410,947,1,0,5.77749448,0
1427,1138,1,0,0.0354464,0
11,2,1,1,2.478795702,0
17,6,1,1,2.45540974,0
35,7,1,1,1.81484087,0
102,31,1,1,2.638402862,0
211,77,1,1,4.191642622,0
228,78,1,1,4.172984026,0
245,79,1,1,7.4670755,0
258,82,1,1,7.54442312,0
270,83,1,1,4.43117489,0
277,85,1,1,7.925982724,0
290,88,1,1,6.42660707,0
305,90,1,1,7.644312594,0
322,92,1,1,11.714982266,0
401,127,1,1,2.239265142,0
427,132,1,1,1.72216962,0
440,137,1,1,0.84983224,0
453,140,1,1,5.29604622,0
479,143,1,1,6.966502106,0
492,144,1,1,7.505172694,0
791,224,1,1,4.300401198,0
905,250,1,1,8.893889918,0
921,253,1,1,4.05758847,0
926,254,1,1,4.831151198,0
947,255,1,1,4.75998795,0
960,256,1,1,2.150615,0
973,783,1,1,1.535906488,0
987,786,1,1,1.034472088,0
999,797,1,1,0.4158183,0
1025,801,1,1,0.243799538,0
1069,818,1,1,1.332659288,0
1103,820,1,1,1.81215555,0
1138,823,1,1,1.330003558,0
1158,826,1,1,0.90791715,0
1181,895,1,1,5.8050482478,0
1225,903,1,1,4.858787693,0
1246,914,1,1,6.9632891498,0
1316,927,1,1,5.63559962,0
1329,931,1,1,2.9105353,0
1409,947,1,1,6.03886936,0
1428,1138,1,1,0.041092,0
12,2,1,2,2.68802556,0
18,6,1,2,2.63496077,0
36,7,1,2,1.92891352,0
103,31,1,2,2.89696808,0
212,77,1,2,4.32545181,0
229,78,1,2,4.282272986,0
246,79,1,2,7.589772,0
259,82,1,2,7.57070811,0
271,83,1,2,4.417752562,0
273,85,1,2,7.74911382,0
286,88,1,2,6.246350554,0
300,90,1,2,7.731368384,0
324,92,1,2,11.600463906,0
402,127,1,2,2.37072498,0
428,132,1,2,1.77759638,0
441,137,1,2,0.8452712,0
454,140,1,2,5.40774018,0
480,143,1,2,6.918964374,0
493,144,1,2,7.661909192,0
792,224,1,2,4.58452338,0
906,250,1,2,8.8691825,0
922,253,1,2,4.13719141,0
927,254,1,2,5.021498476,0
948,255,1,2,4.83057522,0
961,256,1,2,2.02717066,0
974,783,1,2,1.61784475,0
985,786,1,2,1.09065382,0
1000,797,1,2,0.36699392,0
1026,801,1,2,0.226967,0
1070,818,1,2,1.35838693,0
1104,820,1,2,1.61161985,0
1139,823,1,2,1.3408495,0
1159,826,1,2,0.88652695,0
1182,895,1,2,6.0712091307,0
1226,903,1,2,5.5198740508,0
1247,914,1,2,6.9490082996,0
1313,927,1,2,5.47970442,0
1326,931,1,2,2.714361,0
1405,947,1,2,5.88464552,0
1429,1138,1,2,0.0471096,0
4,2,1,3,2.362362806,0
19,6,1,3,2.436315446,0
37,7,1,3,1.70408757,0
95,31,1,3,2.568061238,0
213,77,1,3,3.795604694,0
221,78,1,3,3.816866,0
238,79,1,3,6.660144012,0
251,82,1,3,6.902114064,0
264,83,1,3,3.868160954,0
281,85,1,3,7.056176336,0
292,88,1,3,5.83584586,0
309,90,1,3,6.83433853,0
320,92,1,3,10.192767646,0
394,127,1,3,2.16380272,0
420,132,1,3,1.633507296,0
433,137,1,3,0.84353296,0
446,140,1,3,4.782749738,0
472,143,1,3,6.019341264,0
485,144,1,3,6.71210786,0
784,224,1,3,4.51083347,0
907,250,1,3,8.086578542,0
910,253,1,3,3.962139548,0
932,254,1,3,4.585831636,0
940,255,1,3,4.66341657,0
953,256,1,3,2.14369363,0
966,783,1,3,1.505507748,0
982,786,1,3,0.9656797,0
992,797,1,3,0.28825786,0
1018,801,1,3,0.1985622,0
1073,818,1,3,1.196434678,0
1096,820,1,3,1.5597454,0
1131,823,1,3,1.21131765,0
1166,826,1,3,0.84345177,0
1174,895,1,3,5.8613141419,0
1231,903,1,3,5.3507854745,0
1239,914,1,3,6.6446229098,0
1324,927,1,3,5.3333946998,0
1336,931,1,3,3.0023554,0
1412,947,1,3,6.0598651,0
1421,1138,1,3,0.0606421,0
5,2,1,4,2.56973711,0
16,6,1,4,2.70545718,0
32,7,1,4,1.7541072,0
96,31,1,4,2.832804408,0
214,77,1,4,4.04216672,0
222,78,1,4,4.28228692,0
239,79,1,4,7.411341436,0
252,82,1,4,7.40257933,0
262,83,1,4,4.42659877,0
285,85,1,4,7.441760972,0
293,88,1,4,6.247925584,0
311,90,1,4,7.481261136,0
312,92,1,4,11.434569132,0
395,127,1,4,2.29684312,0
421,132,1,4,1.7643518,0
434,137,1,4,0.897824238,0
447,140,1,4,4.759782888,0
473,143,1,4,6.48117939,0
486,144,1,4,7.626178618,0
785,224,1,4,4.522433854,0
908,250,1,4,8.307678242,0
911,253,1,4,4.24972705,0
933,254,1,4,4.971737884,0
941,255,1,4,4.64956375,0
954,256,1,4,1.87050456,0
967,783,1,4,1.527698506,0
983,786,1,4,0.99876391,0
993,797,1,4,0.27832246,0
1019,801,1,4,0.1852526,0
1074,818,1,4,1.176206922,0
1097,820,1,4,1.547073812,0
1132,823,1,4,1.324193822,0
1161,826,1,4,0.8651529,0
1175,895,1,4,5.9126277604,0
1232,903,1,4,5.4322614567,0
1240,914,1,4,6.71504494,0
1321,927,1,4,4.9346919,0
1337,931,1,4,2.982281,0
1415,947,1,4,6.0470973,0
1422,1138,1,4,0.0626453,0
6,2,1,5,2.90709869,0
20,6,1,5,2.93454732,0
33,7,1,5,2.10262267,0
97,31,1,5,3.40265429,0
215,77,1,5,4.611275518,0
223,78,1,5,4.901887374,0
240,79,1,5,8.439711476,0
253,82,1,5,8.598563988,0
260,83,1,5,5.00962129,0
283,85,1,5,8.769038702,0
294,88,1,5,7.198024414,0
310,90,1,5,7.290650408,0
313,92,1,5,13.27496806,0
396,127,1,5,2.62549012,0
422,132,1,5,1.79508754,0
435,137,1,5,0.99726916,0
448,140,1,5,5.374643416,0
474,143,1,5,7.7226649,0
487,144,1,5,8.252212444,0
786,224,1,5,4.82910043,0
909,250,1,5,9.474972686,0
912,253,1,5,4.46792385,0
934,254,1,5,5.633307256,0
942,255,1,5,4.9585663,0
955,256,1,5,1.94326751,0
968,783,1,5,1.786968272,0
980,786,1,5,1.190246,0
994,797,1,5,0.39950282,0
1020,801,1,5,0.329716338,0
1075,818,1,5,1.69347762,0
1098,820,1,5,1.8420533,0
1133,823,1,5,1.493376628,0
1160,826,1,5,0.95932475,0
1176,895,1,5,6.9249438023,0
1233,903,1,5,6.4920292037,0
1241,914,1,5,7.34805856,0
1320,927,1,5,4.90101698,0
1333,931,1,5,3.4321729,0
1416,947,1,5,6.54555902,0
1423,1138,1,5,0.0659778,0
7,2,1,6,3.08993,0
25,6,1,6,2.98960483,0
34,7,1,6,1.97712209,0
98,31,1,6,3.45119007,0
216,77,1,6,5.177746704,0
224,78,1,6,5.074464584,0
241,79,1,6,9.153684362,0
254,82,1,6,9.307847924,0
261,83,1,6,5.231633374,0
278,85,1,6,9.613756628,0
295,88,1,6,7.78389013,0
308,90,1,6,8.168234218,0
314,92,1,6,14.76704868,0
397,127,1,6,2.66306414,0
423,132,1,6,1.84043293,0
436,137,1,6,0.97780614,0
449,140,1,6,6.000879968,0
475,143,1,6,8.38760473,0
488,144,1,6,8.87000675,0
787,224,1,6,4.66634915,0
901,250,1,6,10.373109234,0
913,253,1,6,4.49355934,0
935,254,1,6,5.3089507,0
943,255,1,6,5.02146033,0
956,256,1,6,2.022416112,0
969,783,1,6,1.8138457,0
979,786,1,6,1.28626075,0
995,797,1,6,0.53347752,0
1021,801,1,6,0.4345548,0
1076,818,1,6,1.77333634,0
1099,820,1,6,2.0107663,0
1134,823,1,6,1.54785605,0
1162,826,1,6,1.0295613,0
1177,895,1,6,6.2673293039,0
1234,903,1,6,6.1513698389,0
1242,914,1,6,8.0101319,0
1325,927,1,6,5.32921164,0
1335,931,1,6,3.5481848,0
1411,947,1,6,6.91162704,0
1424,1138,1,6,0.0609365,0
8,2,1,7,2.70026508,0
23,6,1,7,2.66719707,0
26,7,1,7,1.85531786,0
99,31,1,7,2.8995122,0
208,77,1,7,4.529017684,0
225,78,1,7,4.502626204,0
242,79,1,7,8.080383304,0
255,82,1,7,8.045538216,0
268,83,1,7,4.518719838,0
274,85,1,7,8.734060506,0
287,88,1,7,7.139731044,0
307,90,1,7,7.309133092,0
315,92,1,7,12.28067201,0
398,127,1,7,2.48871438,0
424,132,1,7,1.67156944,0
437,137,1,7,0.99900403,0
450,140,1,7,5.535490726,0
476,143,1,7,7.452725738,0
489,144,1,7,7.52157458,0
788,224,1,7,4.4276042896,0
902,250,1,7,9.310537692,0
914,253,1,7,4.32677441,0
923,254,1,7,5.28569538,0
944,255,1,7,5.0385945,0
957,256,1,7,1.950977642,0
970,783,1,7,1.749257888,0
981,786,1,7,1.1173211,0
996,797,1,7,0.344260838,0
1022,801,1,7,0.2382078,0
1077,818,1,7,1.45692087,0
1100,820,1,7,1.879779902,0
1135,823,1,7,1.36872215,0
1163,826,1,7,0.958322338,0
1178,895,1,7,6.2988952289,0
1222,903,1,7,5.5760172683,0
1243,914,1,7,7.9146578796,0
1323,927,1,7,5.5608417,0
1332,931,1,7,3.5243246,0
1413,947,1,7,7.0952300798,0
1425,1138,1,7,0.0698188,0
9,2,1,8,3.07708131,0
24,6,1,8,2.77119875,0
27,7,1,8,2.03844515,0
100,31,1,8,3.06798789,0
209,77,1,8,4.611953632,0
226,78,1,8,4.498570728,0
243,79,1,8,7.941173868,0
256,82,1,8,7.840349022,0
269,83,1,8,4.493162444,0
275,85,1,8,8.40577804,0
288,88,1,8,7.037784648,0
304,90,1,8,7.056453884,0
316,92,1,8,11.953464232,0
399,127,1,8,2.59902412,0
425,132,1,8,1.78477402,0
438,137,1,8,1.04406458,0
451,140,1,8,5.333656302,0
477,143,1,8,7.25180733,0
490,144,1,8,7.73068422,0
789,224,1,8,4.72713351,0
903,250,1,8,9.023324558,0
918,253,1,8,4.38367344,0
924,254,1,8,5.209175964,0
945,255,1,8,5.64598867,0
958,256,1,8,2.334956884,0
971,783,1,8,1.93102625,0
984,786,1,8,1.16135264,0
997,797,1,8,0.43107058,0
1023,801,1,8,0.2648496,0
1078,818,1,8,1.62894405,0
1101,820,1,8,2.31059046,0
1136,823,1,8,1.536917674,0
1168,826,1,8,1.01281989,0
1179,895,1,8,6.0982076042,0
1223,903,1,8,5.6479824461,0
1244,914,1,8,8.0285571,0
1317,927,1,8,5.27476986,0
1328,931,1,8,3.6339214,0
1414,947,1,8,6.91031874,0
1426,1138,1,8,0.0704112,0
0,2,1,9,2.3156628,0
13,6,1,9,2.41948745,0
38,7,1,9,1.75303486,0
91,31,1,9,2.50156455,0
218,77,1,9,3.749703556,0
230,78,1,9,4.009148696,0
234,79,1,9,7.144063268,0
247,82,1,9,6.589580748,0
265,83,1,9,4.053654054,0
279,85,1,9,7.18748672,0
297,88,1,9,5.561629768,0
299,90,1,9,6.04467426,0
317,92,1,9,10.441447116,0
390,127,1,9,2.06725219,0
416,132,1,9,1.53652122,0
429,137,1,9,0.90217135,0
442,140,1,9,4.423756906,0
468,143,1,9,6.223026326,0
481,144,1,9,6.944841228,0
780,224,1,9,4.07920145,0
897,250,1,9,7.79472908,0
920,253,1,9,3.79362965,0
928,254,1,9,4.306015004,0
936,255,1,9,5.10792066,0
949,256,1,9,2.094390246,0
962,783,1,9,1.60915805,0
975,786,1,9,0.96741377,0
988,797,1,9,0.301092984,0
1014,801,1,9,0.21370804,0
1066,818,1,9,1.283147212,0
1092,820,1,9,1.74323637,0
1140,823,1,9,1.31609557,0
1157,826,1,9,0.88766335,0
1170,895,1,9,5.4990308747,0
1227,903,1,9,5.0318857631,0
1235,914,1,9,7.14737601,0
1314,927,1,9,6.01312686,0
1330,931,1,9,3.2188823,0
1408,947,1,9,5.72303802,0
1417,1138,1,9,0.0665168,0
1,2,1,10,2.38212978,0
14,6,1,10,2.55016462,0
29,7,1,10,1.77420116,0
92,31,1,10,2.78184903,0
217,77,1,10,3.703633086,0
231,78,1,10,4.215113052,0
235,79,1,10,7.427448088,0
248,82,1,10,7.111053614,0
266,83,1,10,4.444773904,0
282,85,1,10,7.46722411,0
298,88,1,10,5.891213502,0
302,90,1,10,6.222406888,0
323,92,1,10,11.00079632,0
391,127,1,10,2.06013393,0
417,132,1,10,1.53140094,0
430,137,1,10,0.88387611,0
443,140,1,10,4.339465242,0
469,143,1,10,6.246519892,0
482,144,1,10,7.386891392,0
781,224,1,10,3.78798509,0
898,250,1,10,7.63873879,0
915,253,1,10,3.75164913,0
929,254,1,10,3.869784872,0
937,255,1,10,4.87588568,0
950,256,1,10,1.99750252,0
963,783,1,10,1.447539,0
976,786,1,10,0.969530412,0
989,797,1,10,0.33159814,0
1015,801,1,10,0.2686639,0
1067,818,1,10,1.27361326,0
1093,820,1,10,1.681522868,0
1141,823,1,10,1.26245807,0
1164,826,1,10,0.7889232,0
1171,895,1,10,4.8840508456,0
1228,903,1,10,4.5747343744,0
1236,914,1,10,6.1625399,0
1315,927,1,10,5.95945834,0
1331,931,1,10,2.9834352,0
1406,947,1,10,5.23666046,0
1418,1138,1,10,0.0557566,0
2,2,1,11,2.29205166,0
15,6,1,11,2.44793596,0
30,7,1,11,1.67238839,0
93,31,1,11,2.59660971,0
220,77,1,11,3.852431448,0
232,78,1,11,4.49512517,0
236,79,1,11,7.74086614,0
249,82,1,11,7.733262502,0
267,83,1,11,4.565743852,0
284,85,1,11,7.605281856,0
296,88,1,11,6.151950054,0
303,90,1,11,6.889958464,0
318,92,1,11,11.974397682,0
392,127,1,11,2.06519158,0
418,132,1,11,1.53371214,0
431,137,1,11,0.85463027,0
444,140,1,11,5.039908198,0
470,143,1,11,7.030282578,0
483,144,1,11,7.897799008,0
782,224,1,11,4.13646954,0
899,250,1,11,8.042321636,0
916,253,1,11,3.98150397,0
930,254,1,11,4.024311444,0
938,255,1,11,4.78309269,0
951,256,1,11,1.983517758,0
964,783,1,11,1.64195055,0
977,786,1,11,1.15048415,0
990,797,1,11,0.289801024,0
1016,801,1,11,0.2011283,0
1071,818,1,11,1.56315589,0
1094,820,1,11,1.74233532,0
1142,823,1,11,1.38521196,0
1165,826,1,11,0.8513448,0
1172,895,1,11,4.6326475532,0
1229,903,1,11,4.5248467822,0
1237,914,1,11,6.4939304398,0
1319,927,1,11,5.56560514,0
1334,931,1,11,2.9607844,0
1407,947,1,11,5.57164534,0
1419,1138,1,11,0.0422914,0
3,2,1,12,2.331843568,0
21,6,1,12,2.53955962,0
31,7,1,12,1.7080136,0
94,31,1,12,2.79524593,0
219,77,1,12,4.186817444,0
233,78,1,12,4.701180242,0
237,79,1,12,8.19639263,0
250,82,1,12,7.830747926,0
263,83,1,12,5.01848639,0
280,85,1,12,8.085770354,0
291,88,1,12,6.086723164,0
306,90,1,12,7.183050886,0
319,92,1,12,12.717383894,0
393,127,1,12,1.99604188,0
419,132,1,12,1.55469255,0
432,137,1,12,0.83435319,0
445,140,1,12,4.932678644,0
471,143,1,12,7.228055836,0
484,144,1,12,8.50928474,0
783,224,1,12,4.39575797,0
900,250,1,12,8.67628065,0
917,253,1,12,4.27710428,0
931,254,1,12,4.291758924,0
939,255,1,12,5.15460806,0
952,256,1,12,1.783010018,0
965,783,1,12,1.85403561,0
978,786,1,12,1.44476897,0
991,797,1,12,0.38326064,0
1017,801,1,12,0.2314499,0
1072,818,1,12,1.72735034,0
1095,820,1,12,1.84430862,0
1143,823,1,12,1.73602392,0
1167,826,1,12,0.93405445,0
1173,895,1,12,4.9156669214,0
1230,903,1,12,4.7839106422,0
1238,914,1,12,6.86570208,0
1322,927,1,12,5.84087012,0
1338,931,1,12,3.0861934998,0
1404,947,1,12,5.72014966,0
1420,1138,1,12,0.0442049,0
10,2,1,13,1.17955255,1
22,6,1,13,0.86024986,1
28,7,1,13,0.9144261,1
101,31,1,13,0.93334094,1
210,77,1,13,2.711829474,1
227,78,1,13,2.888481104,1
244,79,1,13,5.736726792,1
257,82,1,13,5.292537926,1
272,83,1,13,3.045442138,1
276,85,1,13,5.952169906,1
289,88,1,13,4.354227206,1
301,90,1,13,8.929867798,1
321,92,1,13,9.71729278,1
400,127,1,13,0.96967821,1
426,132,1,13,0.79335473,1
439,137,1,13,0.61941906,1
452,140,1,13,3.254482466,1
478,143,1,13,4.911565024,1
491,144,1,13,4.39217173,1
790,224,1,13,4.11125406,1
904,250,1,13,6.41488773,1
919,253,1,13,3.05514478,1
925,254,1,13,2.787541172,1
946,255,1,13,3.96466353,1
959,256,1,13,1.681823332,1
972,783,1,13,0.90188545,1
986,786,1,13,0.4716089,1
998,797,1,13,0.327492,1
1024,801,1,13,0.221271,1
1068,818,1,13,0.66949434,1
1102,820,1,13,1.16348104,1
1137,823,1,13,0.71482255,1
1169,826,1,13,0.72776866,1
1180,895,1,13,2.814056714,1
1224,903,1,13,2.5575090002,1
1245,914,1,13,4.8250633598,1
1318,927,1,13,4.22640244,1
1327,931,1,13,2.0132518,1
1410,947,1,13,4.47211892,1
1427,1138,1,13,0.0647542,1
11,2,1,14,1.15043422,1
17,6,1,14,0.745551,1
35,7,1,14,0.88311006,1
102,31,1,14,0.8526096,1
211,77,1,14,1.543917642,1
228,78,1,14,1.626299084,1
245,79,1,14,3.021981356,1
258,82,1,14,2.838090546,1
270,83,1,14,1.393813824,1
277,85,1,14,3.151549424,1
290,88,1,14,2.161148798,1
305,90,1,14,10.069938052,1
322,92,1,14,4.406941084,1
401,127,1,14,0.9476613,1
427,132,1,14,0.74349262,1
440,137,1,14,0.58801656,1
453,140,1,14,1.794909008,1
479,143,1,14,2.619804642,1
492,144,1,14,2.084450184,1
791,224,1,14,3.49620377,1
905,250,1,14,3.70627569,1
921,253,1,14,2.08937175,1
926,254,1,14,1.85722921,1
947,255,1,14,2.97699695,1
960,256,1,14,1.481275416,1
973,783,1,14,1.00638363,1
987,786,1,14,0.49958908,1
999,797,1,14,0.32586808,1
1025,801,1,14,0.2470567,1
1069,818,1,14,0.74723067,1
1103,820,1,14,1.23112917,1
1138,823,1,14,0.77314424,1
1158,826,1,14,0.919651998,1
1181,895,1,14,2.4388424157,1
1225,903,1,14,2.0689479031,1
1246,914,1,14,4.09544028,1
1316,927,1,14,4.21406321,1
1329,931,1,14,1.8944025,1
1409,947,1,14,4.36039074,1
1428,1138,1,14,0.081446,1
12,2,1,15,1.10220109,1
18,6,1,15,0.7787377,1
36,7,1,15,0.82905691,1
103,31,1,15,0.89396884,1
212,77,1,15,1.223577558,1
229,78,1,15,1.368133256,1
246,79,1,15,2.53849792,1
259,82,1,15,2.5997964,1
271,83,1,15,1.191673752,1
273,85,1,15,2.791435298,1
286,88,1,15,1.795331878,1
300,90,1,15,10.011932198,1
324,92,1,15,3.892376878,1
402,127,1,15,0.90671876,1
428,132,1,15,0.73146458,1
441,137,1,15,0.59054988,1
454,140,1,15,1.555438496,1
480,143,1,15,2.0694738158,1
493,144,1,15,1.712240454,1
792,224,1,15,2.15505498,1
906,250,1,15,2.997392146,1
922,253,1,15,1.64078797,1
927,254,1,15,1.50055962,1
948,255,1,15,2.37934266,1
961,256,1,15,1.195869368,1
974,783,1,15,1.04915008,1
985,786,1,15,0.54366537,1
1000,797,1,15,0.25322394,1
1026,801,1,15,0.338316,1
1070,818,1,15,0.8560845,1
1104,820,1,15,1.16467015,1
1139,823,1,15,0.84917425,1
1159,826,1,15,1.11198753,1
1182,895,1,15,2.4234719304,1
1226,903,1,15,2.0846343242,1
1247,914,1,15,4.14142316,1
1313,927,1,15,3.41830799,1
1326,931,1,15,1.8940692,1
1405,947,1,15,4.5941172398,1
1429,1138,1,15,0.0950967,1
4,2,1,16,1.18904323,1
19,6,1,16,0.72710466,1
37,7,1,16,0.81537433,1
95,31,1,16,0.94346365,1
213,77,1,16,1.113140182,1
221,78,1,16,1.312133482,1
238,79,1,16,2.42897207,1
251,82,1,16,2.311769694,1
264,83,1,16,1.275281346,1
281,85,1,16,2.69848006,1
292,88,1,16,1.752385406,1
309,90,1,16,11.311092928,1
320,92,1,16,3.6246880658,1
394,127,1,16,0.87021885,1
420,132,1,16,0.71721254,1
433,137,1,16,0.60259763,1
446,140,1,16,1.398380568,1
472,143,1,16,1.767401114,1
485,144,1,16,1.739163016,1
784,224,1,16,1.98619204,1
907,250,1,16,2.549584132,1
910,253,1,16,1.37471002,1
932,254,1,16,1.330993496,1
940,255,1,16,2.27341717,1
953,256,1,16,1.202339356,1
966,783,1,16,0.91776038,1
982,786,1,16,0.51972918,1
992,797,1,16,0.19428258,1
1018,801,1,16,0.2805743,1
1073,818,1,16,0.73319452,1
1096,820,1,16,1.0291735,1
1131,823,1,16,0.74875648,1
1166,826,1,16,1.02509103,1
1174,895,1,16,2.3422618258,1
1231,903,1,16,1.9098969384,1
1239,914,1,16,3.7005666098,1
1324,927,1,16,3.02337968,1
1336,931,1,16,1.79745326,1
1412,947,1,16,3.4266796,1
1421,1138,1,16,0.0981186,1
5,2,1,17,1.0984178,1
16,6,1,17,0.71169966,1
32,7,1,17,0.74394505,1
96,31,1,17,0.81655072,1
214,77,1,17,1.078716128,1
222,78,1,17,1.26842858,1
239,79,1,17,2.35797275,1
252,82,1,17,2.07348794,1
262,83,1,17,1.0776291,1
285,85,1,17,2.467951404,1
293,88,1,17,1.606905786,1
311,90,1,17,10.708157957,1
312,92,1,17,3.1438487178,1
395,127,1,17,0.8114841,1
421,132,1,17,0.68038992,1
434,137,1,17,0.59516882,1
447,140,1,17,1.286198996,1
473,143,1,17,1.740027884,1
486,144,1,17,1.684343778,1
785,224,1,17,1.89450436,1
908,250,1,17,2.421772936,1
911,253,1,17,1.31777251,1
933,254,1,17,1.238930232,1
941,255,1,17,2.10933595,1
954,256,1,17,1.023933348,1
967,783,1,17,0.83353874,1
983,786,1,17,0.53723815,1
993,797,1,17,0.1999592,1
1019,801,1,17,0.24482348,1
1074,818,1,17,0.78970815,1
1097,820,1,17,1.11869208,1
1132,823,1,17,0.80567304,1
1161,826,1,17,1.08011582,1
1175,895,1,17,2.2532913431,1
1232,903,1,17,1.9681889393,1
1240,914,1,17,3.93283571,1
1321,927,1,17,3.37609321,1
1337,931,1,17,1.84887512,1
1415,947,1,17,3.95247294,1
1422,1138,1,17,0.0871122,1
6,2,1,18,1.19369638,1
20,6,1,18,0.74379542,1
33,7,1,18,0.81746464,1
97,31,1,18,0.91376056,1
215,77,1,18,1.089535474,1
223,78,1,18,1.293871024,1
240,79,1,18,2.39477007,1
253,82,1,18,2.081056332,1
260,83,1,18,1.102423436,1
283,85,1,18,2.549972056,1
294,88,1,18,1.624994102,1
310,90,1,18,11.817343029,1
313,92,1,18,3.1949856756,1
396,127,1,18,0.93143508,1
422,132,1,18,0.7491386,1
435,137,1,18,0.64294645,1
448,140,1,18,1.292179576,1
474,143,1,18,1.77901331,1
487,144,1,18,1.676223526,1
786,224,1,18,1.96414095,1
909,250,1,18,2.399253574,1
912,253,1,18,1.31605218,1
934,254,1,18,1.321499762,1
942,255,1,18,1.99946214,1
955,256,1,18,0.931294246,1
968,783,1,18,0.81145204,1
980,786,1,18,0.60597255,1
994,797,1,18,0.17548528,1
1020,801,1,18,0.16732642,1
1075,818,1,18,0.87727246,1
1098,820,1,18,1.27661796,1
1133,823,1,18,0.894019952,1
1160,826,1,18,1.44580808,1
1176,895,1,18,2.4496548356,1
1233,903,1,18,2.1502855283,1
1241,914,1,18,4.79316018,1
1320,927,1,18,3.45740378,1
1333,931,1,18,2.5351819,1
1416,947,1,18,4.35519678,1
1423,1138,1,18,0.1035955,1
7,2,1,19,1.24441484,1
25,6,1,19,0.76554628,1
34,7,1,19,0.84133038,1
98,31,1,19,0.90961143,1
216,77,1,19,1.118192616,1
224,78,1,19,1.344960546,1
241,79,1,19,2.441663162,1
254,82,1,19,2.1962032,1
261,83,1,19,1.1546006716,1
278,85,1,19,2.669611756,1
295,88,1,19,1.643672344,1
308,90,1,19,14.018997025,1
314,92,1,19,3.3192625498,1
397,127,1,19,0.93251902,1
423,132,1,19,0.70793824,1
436,137,1,19,0.64807843,1
449,140,1,19,1.42474205,1
475,143,1,19,1.822187176,1
488,144,1,19,1.741388978,1
787,224,1,19,2.01531034,1
901,250,1,19,2.436360846,1
913,253,1,19,1.37887667,1
935,254,1,19,1.425140268,1
943,255,1,19,2.15307613,1
956,256,1,19,1.07080788,1
969,783,1,19,0.96161198,1
979,786,1,19,0.65310292,1
995,797,1,19,0.1710684,1
1021,801,1,19,0.1624159,1
1076,818,1,19,1.0886028,1
1099,820,1,19,1.33801562,1
1134,823,1,19,0.96899865,1
1162,826,1,19,1.75206115,1
1177,895,1,19,2.4732062617,1
1234,903,1,19,2.1313081407,1
1242,914,1,19,5.19772554,1
1325,927,1,19,3.74829524,1
1335,931,1,19,2.88282186,1
1411,947,1,19,4.9137839,1
1424,1138,1,19,0.1437935,1
8,2,1,20,1.13941799,1
23,6,1,20,0.7327146,1
26,7,1,20,0.78798359,1
99,31,1,20,0.87505454,1
208,77,1,20,0.971000014,1
225,78,1,20,1.261863416,1
242,79,1,20,2.230824776,1
255,82,1,20,1.91132691,1
268,83,1,20,1.055795844,1
274,85,1,20,2.45987894,1
287,88,1,20,1.495244096,1
307,90,1,20,11.310800157,1
315,92,1,20,2.9948243894,1
398,127,1,20,0.88041422,1
424,132,1,20,0.65990694,1
437,137,1,20,0.65891547,1
450,140,1,20,1.301932138,1
476,143,1,20,1.63123485,1
489,144,1,20,1.66659635,1
788,224,1,20,1.9193043,1
902,250,1,20,2.231374626,1
914,253,1,20,1.25802537,1
923,254,1,20,1.382903322,1
944,255,1,20,2.22163867,1
957,256,1,20,1.009584138,1
970,783,1,20,1.09980874,1
981,786,1,20,0.64544016,1
996,797,1,20,0.17360998,1
1022,801,1,20,0.1559136,1
1077,818,1,20,1.0090227,1
1100,820,1,20,0.95055898,1
1135,823,1,20,0.94314364,1
1163,826,1,20,1.27997995,1
1178,895,1,20,2.189636356,1
1222,903,1,20,1.9573331401,1
1243,914,1,20,4.6252376798,1
1323,927,1,20,3.2840711,1
1332,931,1,20,2.32122322,1
1413,947,1,20,4.30533512,1
1425,1138,1,20,0.1121953,1
9,2,1,21,1.16801689,1
24,6,1,21,0.7269964,1
27,7,1,21,0.7872155,1
100,31,1,21,0.84262061,1
209,77,1,21,0.980281198,1
226,78,1,21,1.2474024538,1
243,79,1,21,2.178303638,1
256,82,1,21,1.844955236,1
269,83,1,21,1.031826638,1
275,85,1,21,2.272826822,1
288,88,1,21,1.454176028,1
304,90,1,21,11.580049411,1
316,92,1,21,2.846580901,1
399,127,1,21,0.81398172,1
425,132,1,21,0.6411072,1
438,137,1,21,0.63504349,1
451,140,1,21,1.232446576,1
477,143,1,21,1.594950022,1
490,144,1,21,1.627144998,1
789,224,1,21,1.90850457,1
903,250,1,21,2.141933616,1
918,253,1,21,1.2225448596,1
924,254,1,21,1.234287776,1
945,255,1,21,2.41458949,1
958,256,1,21,1.243353616,1
971,783,1,21,1.14032538,1
984,786,1,21,0.63951544,1
997,797,1,21,0.1722191,1
1023,801,1,21,0.1605548,1
1078,818,1,21,0.9542154,1
1101,820,1,21,0.98419939,1
1136,823,1,21,0.92228324,1
1168,826,1,21,1.6728441,1
1179,895,1,21,2.1099052523,1
1223,903,1,21,1.994408344,1
1244,914,1,21,4.1489526298,1
1317,927,1,21,2.90713285,1
1328,931,1,21,2.10802784,1
1414,947,1,21,3.8688534598,1
1426,1138,1,21,0.1110972,1
0,2,1,22,1.07106593,1
13,6,1,22,0.70094684,1
38,7,1,22,0.78678723,1
91,31,1,22,0.84007371,1
218,77,1,22,0.981508476,1
230,78,1,22,1.276956674,1
234,79,1,22,2.27098044,1
247,82,1,22,1.93725442,1
265,83,1,22,1.055415212,1
279,85,1,22,2.3180049876,1
297,88,1,22,1.50841675,1
299,90,1,22,11.018618016,1
317,92,1,22,3.0303460952,1
390,127,1,22,0.7994885,1
416,132,1,22,0.67322302,1
429,137,1,22,0.6612623,1
442,140,1,22,1.25905548,1
468,143,1,22,1.750731996,1
481,144,1,22,1.659134658,1
780,224,1,22,1.9044587,1
897,250,1,22,2.30110315,1
920,253,1,22,1.3022033096,1
928,254,1,22,1.32359544,1
936,255,1,22,2.41878298,1
949,256,1,22,1.26672936,1
962,783,1,22,1.075981942,1
975,786,1,22,0.585459862,1
988,797,1,22,0.1513585,1
1014,801,1,22,0.12320698,1
1066,818,1,22,0.92893224,1
1092,820,1,22,0.80711096,1
1140,823,1,22,0.83039784,1
1157,826,1,22,1.1405861,1
1170,895,1,22,2.1533746296,1
1227,903,1,22,1.9900151195,1
1235,914,1,22,4.25032588,1
1314,927,1,22,2.91497541,1
1330,931,1,22,1.9668051,1
1408,947,1,22,4.0411473,1
1417,1138,1,22,0.1164463,1
1,2,1,23,0.97058948,1
14,6,1,23,0.64872654,1
29,7,1,23,0.76661258,1
92,31,1,23,0.77358501,1
217,77,1,23,0.90684245,1
231,78,1,23,1.219714754,1
235,79,1,23,2.099921672,1
248,82,1,23,1.7680456,1
266,83,1,23,1.01067493,1
282,85,1,23,2.0982454534,1
298,88,1,23,1.452794548,1
302,90,1,23,10.802659652,1
323,92,1,23,2.833272226,1
391,127,1,23,0.73986952,1
417,132,1,23,0.63565855,1
430,137,1,23,0.61315414,1
443,140,1,23,1.167273578,1
469,143,1,23,1.57985601,1
482,144,1,23,1.58513093,1
781,224,1,23,1.69033807,1
898,250,1,23,2.11267597,1
915,253,1,23,1.1652328398,1
929,254,1,23,1.249325274,1
937,255,1,23,2.19157502,1
950,256,1,23,1.24360056,1
963,783,1,23,1.06023477,1
976,786,1,23,0.57538294,1
989,797,1,23,0.13535602,1
1015,801,1,23,0.12327862,1
1067,818,1,23,0.8718713,1
1093,820,1,23,1.04201148,1
1141,823,1,23,0.7701336,1
1164,826,1,23,1.13673342,1
1171,895,1,23,1.8999991385,1
1228,903,1,23,1.7430053331,1
1236,914,1,23,3.77874692,1
1315,927,1,23,2.72072585,1
1331,931,1,23,2.00911116,1
1406,947,1,23,3.83157576,1
1418,1138,1,23,0.0866602,1
2,2,1,24,1.00370951,1
15,6,1,24,0.73241968,1
30,7,1,24,0.76333596,1
93,31,1,24,0.82006673,1
220,77,1,24,1.03955702,1
232,78,1,24,1.31403051,1
236,79,1,24,2.235902986,1
249,82,1,24,1.98570663,1
267,83,1,24,1.105940236,1
284,85,1,24,2.3590744796,1
296,88,1,24,1.610935544,1
303,90,1,24,12.221368943,1
318,92,1,24,3.15721039,1
392,127,1,24,0.79983244,1
418,132,1,24,0.66391956,1
431,137,1,24,0.59411213,1
444,140,1,24,1.348256386,1
470,143,1,24,1.821311804,1
483,144,1,24,1.780625904,1
782,224,1,24,1.89477669,1
899,250,1,24,2.40378349,1
916,253,1,24,1.2407039696,1
930,254,1,24,1.303781468,1
938,255,1,24,2.12260874,1
951,256,1,24,1.151806996,1
964,783,1,24,1.0761197,1
977,786,1,24,0.586543924,1
990,797,1,24,0.14689052,1
1016,801,1,24,0.16478442,1
1071,818,1,24,0.84074502,1
1094,820,1,24,1.02442946,1
1142,823,1,24,0.78128956,1
1165,826,1,24,1.284569738,1
1172,895,1,24,1.8274840442,1
1229,903,1,24,1.7545293224,1
1237,914,1,24,3.66645826,1
1319,927,1,24,2.80002219,1
1334,931,1,24,2.01191888,1
1407,947,1,24,3.76175016,1
1419,1138,1,24,0.0863896,1
3,2,1,25,1.09688863,1
21,6,1,25,0.88881159,1
31,7,1,25,0.81119343,1
94,31,1,25,0.92637552,1
219,77,1,25,1.037897048,1
233,78,1,25,1.307605612,1
237,79,1,25,2.309077198,1
250,82,1,25,2.062675316,1
263,83,1,25,1.165715628,1
280,85,1,25,2.376346536,1
291,88,1,25,1.628658184,1
306,90,1,25,12.336187543,1
319,92,1,25,3.305538184,1
393,127,1,25,0.83715568,1
419,132,1,25,0.74058806,1
432,137,1,25,0.62623839,1
445,140,1,25,1.394034114,1
471,143,1,25,1.805554438,1
484,144,1,25,1.842946576,1
783,224,1,25,1.97120065,1
900,250,1,25,2.44299028,1
917,253,1,25,1.4449933792,1
931,254,1,25,1.388515712,1
939,255,1,25,2.18034779,1
952,256,1,25,1.022814648,1
965,783,1,25,1.2126407,1
978,786,1,25,0.6552652,1
991,797,1,25,0.1460201,1
1017,801,1,25,0.13999694,1
1072,818,1,25,0.96471234,1
1095,820,1,25,1.16171996,1
1143,823,1,25,0.8664809,1
1167,826,1,25,1.383962,1
1173,895,1,25,1.9179692441,1
1230,903,1,25,1.9678617066,1
1238,914,1,25,3.77150883,1
1322,927,1,25,2.98198819,1
1338,931,1,25,2.0628688,1
1404,947,1,25,4.06030672,1
1420,1138,1,25,0.0842985,1
